dir,files,code_lines,total_lines,functions,classes,bytes,lines_per_function
src,38,8000,9405,275,27,340041,29.09090909090909
scripts,8,1716,2230,81,0,74476,21.185185185185187
tests,17,1700,2155,121,5,75064,14.049586776859504
data,1,244,286,0,0,17220,inf
api,1,2,4,0,0,101,inf
